Model,Training R2,Test R2,Test RMSE
OLS (baseline),0.3845794085520905,0.33121235120616044,7.931781002832241
Ridge (alpha=123.3),0.3838753037939783,0.33433428117761965,7.913246397268233
